tractor_id,activity_class,operation_code,attribution_label,field_id,hours,litres,distance_km,mean_load_pct,sessions
tractor_1,field_work,power_harrowing,measured,,0.0218,0.0936,0.316,43.43,5
tractor_1,field_work,power_harrowing,measured,field_001,0.7109,6.1344,3.025,61.73,1
tractor_1,field_work,power_harrowing,measured,field_006,0.08,0.2536,0.755,32.93,6
tractor_1,field_work,power_harrowing,measured,field_009,1.5316,12.5284,6.694,64.47,2
tractor_1,field_work,precision_seeding,measured,,0.0112,0.0538,0.175,49.51,3
tractor_1,field_work,precision_seeding,measured,field_006,0.081,0.2967,0.927,39.23,6
tractor_1,field_work,precision_seeding,measured,field_009,0.6623,2.9396,2.35,42.19,3
tractor_1,idle,idle,allocated,,0.9,1.986,0.231,22.49,38
tractor_1,idle,idle,allocated,field_001,0.0047,0.0118,0.001,20.44,3
tractor_1,idle,idle,allocated,field_002,0.1281,0.1929,0.006,13.87,1
tractor_1,idle,idle,allocated,field_003,0.3249,0.5731,0.017,15.87,2
tractor_1,idle,idle,allocated,field_006,2.563,4.8803,0.175,19.82,31
tractor_1,idle,idle,allocated,field_008,2.0E-4,5.0E-4,0.0,38.14,1
tractor_1,idle,idle,allocated,field_009,2.1422,5.5794,0.185,21.95,12
tractor_1,implement_nonproductive,power_harrowing,allocated,,0.2838,1.3361,4.785,44.94,8
tractor_1,implement_nonproductive,power_harrowing,allocated,field_001,1.0785,5.8149,3.377,40.95,3
tractor_1,implement_nonproductive,power_harrowing,allocated,field_006,0.4151,0.6744,0.711,17.34,10
tractor_1,implement_nonproductive,power_harrowing,allocated,field_008,3.0E-4,0.0019,0.009,59.0,2
tractor_1,implement_nonproductive,power_harrowing,allocated,field_009,1.4787,4.2781,3.765,25.87,2
tractor_1,implement_nonproductive,precision_seeding,allocated,,0.153,0.9494,3.137,50.32,3
tractor_1,implement_nonproductive,precision_seeding,allocated,field_006,0.8444,1.2485,0.547,14.31,11
tractor_1,implement_nonproductive,precision_seeding,allocated,field_008,0.0151,0.0909,0.367,57.73,3
tractor_1,implement_nonproductive,precision_seeding,allocated,field_009,7.7339,20.3354,4.94,25.85,4
tractor_1,offroad_unassigned,,allocated,,2.0784,11.5438,30.725,44.75,32
tractor_1,offroad_unassigned,,allocated,field_001,0.1887,1.4009,1.366,60.91,3
tractor_1,offroad_unassigned,,allocated,field_002,0.7102,5.9566,6.047,56.83,6
tractor_1,offroad_unassigned,,allocated,field_003,1.8811,12.7317,13.26,55.52,2
tractor_1,offroad_unassigned,,allocated,field_006,2.5989,9.9056,12.967,35.63,34
tractor_1,offroad_unassigned,,allocated,field_008,0.0087,0.0477,0.048,47.43,1
tractor_1,offroad_unassigned,,allocated,field_009,9.9213,61.8194,47.002,48.31,11
tractor_1,offroad_unassigned,,allocated,field_011,0.0018,0.0148,0.012,66.85,1
tractor_1,road_transport,transport,allocated,,4.8699,29.5508,93.428,46.51,25
tractor_1,road_transport,transport,allocated,field_001,0.0179,0.1439,0.093,64.27,2
tractor_1,road_transport,transport,allocated,field_002,3.0E-4,0.001,0.005,40.18,1
tractor_1,road_transport,transport,allocated,field_003,0.0127,0.0638,0.183,50.49,2
tractor_1,road_transport,transport,allocated,field_006,4.0E-4,0.0015,0.006,32.53,2
tractor_1,road_transport,transport,allocated,field_008,0.0801,0.3289,0.559,39.83,8
tractor_1,road_transport,transport,allocated,field_009,0.7853,3.6439,6.505,40.04,15
tractor_1,road_transport,transport,allocated,field_011,0.0132,0.0721,0.078,48.73,1
tractor_2,field_work,disc_harrowing,measured,,0.2591,5.3769,2.759,77.63,1
tractor_2,field_work,disc_harrowing,measured,field_022,1.4237,37.3915,16.965,90.01,1
tractor_2,field_work,disc_harrowing,measured,field_033,2.1986,52.2981,25.505,84.92,1
tractor_2,field_work,disc_harrowing,measured,field_035,1.7794,41.0911,17.807,84.18,1
tractor_2,field_work,fertilizing,measured,,1.8255,13.8183,15.505,54.14,11
tractor_2,field_work,fertilizing,measured,field_013,0.0664,0.5017,0.777,53.78,1
tractor_2,field_work,fertilizing,measured,field_014,0.2968,2.5256,2.831,60.92,1
tractor_2,field_work,fertilizing,measured,field_015,0.1258,1.175,1.377,66.13,1
tractor_2,field_work,fertilizing,measured,field_016,0.5011,5.0256,5.338,62.93,1
tractor_2,field_work,fertilizing,measured,field_018,0.3187,3.0805,3.205,60.27,1
tractor_2,field_work,fertilizing,measured,field_019,0.2229,1.1266,1.113,47.3,1
tractor_2,field_work,fertilizing,measured,field_022,0.9897,12.0821,10.798,72.76,1
tractor_2,field_work,fertilizing,measured,field_023,0.6312,7.0107,6.682,62.78,2
tractor_2,field_work,fertilizing,measured,field_030,0.0548,0.6351,0.548,69.75,1
tractor_2,field_work,fertilizing,measured,field_038,0.2512,2.2388,2.785,53.71,1
tractor_2,field_work,fertilizing,measured,field_041,0.489,5.0726,4.939,62.13,1
tractor_2,field_work,fertilizing,measured,field_044,0.55,4.8798,5.641,59.69,1
tractor_2,field_work,fertilizing,measured,field_045,0.2522,2.3893,2.659,63.02,1
tractor_2,field_work,fertilizing,measured,field_046,0.4028,4.4686,4.25,64.82,1
tractor_2,field_work,mowing,measured,,0.0083,0.0965,0.054,57.8,2
tractor_2,field_work,mowing,measured,field_022,0.4716,4.4101,2.13,52.03,1
tractor_2,field_work,mowing,measured,field_044,1.1408,25.7431,10.189,81.05,1
tractor_2,field_work,mowing,measured,field_045,0.4897,9.682,3.58,77.63,1
tractor_2,field_work,seed_drill_combination,measured,,0.4947,3.5724,3.977,44.63,37
tractor_2,field_work,seed_drill_combination,measured,field_017,0.2213,2.305,1.4,60.06,1
tractor_2,field_work,seed_drill_combination,measured,field_020,1.1982,18.7512,5.789,71.22,4
tractor_2,field_work,seed_drill_combination,measured,field_022,1.9651,28.8608,8.32,62.95,9
tractor_2,field_work,seed_drill_combination,measured,field_025,4.4078,81.7333,28.734,74.14,3
tractor_2,field_work,seed_drill_combination,measured,field_026,2.5443,42.6234,16.914,70.52,2
tractor_2,field_work,seed_drill_combination,measured,field_027,1.0413,15.5161,6.472,69.55,1
tractor_2,field_work,seed_drill_combination,measured,field_029,14.7406,236.5163,81.54,73.53,11
tractor_2,field_work,seed_drill_combination,measured,field_031,1.6712,23.4178,7.135,62.73,2
tractor_2,field_work,seed_drill_combination,measured,field_036,1.4678,20.8719,9.654,70.27,1
tractor_2,field_work,seed_drill_combination,measured,field_037,1.0882,17.8312,4.836,73.96,1
tractor_2,field_work,seed_drill_combination,measured,field_040,1.7062,27.4793,9.048,67.64,1
tractor_2,field_work,seed_drill_combination,measured,field_043,0.6222,10.4609,3.205,73.01,1
tractor_2,field_work,seed_drill_combination,measured,field_045,1.1083,16.6015,7.711,71.57,1
tractor_2,field_work,seed_drill_combination,measured,field_047,3.7074,75.8702,17.84,78.5,3
tractor_2,field_work,spraying,measured,,1.1001,6.9325,8.546,44.32,6
tractor_2,field_work,spraying,measured,field_019,0.0622,0.314,0.505,38.28,1
tractor_2,field_work,spraying,measured,field_021,0.3031,1.966,2.399,45.16,2
tractor_2,field_work,spraying,measured,field_024,0.3845,2.8114,3.404,49.45,3
tractor_2,field_work,spraying,measured,field_025,1.6059,11.4009,13.523,46.18,2
tractor_2,field_work,spraying,measured,field_026,0.4126,2.83,2.918,46.61,1
tractor_2,field_work,spraying,measured,field_027,0.1404,1.0507,0.997,49.38,1
tractor_2,field_work,spraying,measured,field_028,0.0645,0.4882,0.503,48.36,2
tractor_2,field_work,spraying,measured,field_029,1.2667,9.9421,10.349,52.12,3
tractor_2,field_work,spraying,measured,field_034,0.1316,0.9373,1.234,46.47,1
tractor_2,field_work,spraying,measured,field_036,0.1737,1.2398,1.303,48.91,1
tractor_2,field_work,spraying,measured,field_042,0.2818,2.1508,2.479,48.84,1
tractor_2,field_work,spraying,measured,field_043,0.1247,0.8915,0.844,46.26,1
tractor_2,field_work,spraying,measured,field_045,0.1034,0.7588,0.72,52.63,1
tractor_2,field_work,swathing,measured,,1.5642,9.2742,9.347,51.52,1
tractor_2,field_work,swathing,measured,field_014,1.6046,9.7733,9.812,52.69,1
tractor_2,field_work,transport,measured,,14.3652,134.9056,267.162,48.1,34
tractor_2,field_work,transport,measured,field_014,0.0033,0.0483,0.109,53.0,1
tractor_2,field_work,transport,measured,field_018,0.4978,2.6825,1.808,38.81,1
tractor_2,field_work,transport,measured,field_022,0.5214,7.8538,14.689,57.98,11
tractor_2,field_work,transport,measured,field_024,0.0011,0.0194,0.015,84.55,1
tractor_2,field_work,transport,measured,field_030,0.1431,0.7908,0.7,40.53,1
tractor_2,field_work,transport,measured,field_040,0.3469,1.5613,1.402,36.2,1
tractor_2,field_work,transport,measured,field_044,0.5856,2.8764,2.656,40.66,1
tractor_2,field_work,transport,measured,field_045,0.1822,0.9726,0.969,42.06,1
tractor_2,idle,idle,allocated,,15.8529,54.8625,0.844,33.59,188
tractor_2,idle,idle,allocated,field_019,0.3858,0.7698,0.012,19.01,1
tractor_2,idle,idle,allocated,field_022,0.8244,2.2219,0.014,29.14,29
tractor_2,idle,idle,allocated,field_029,0.003,0.0075,0.001,26.19,3
tractor_2,idle,idle,allocated,field_031,0.0206,0.0428,0.003,19.48,3
tractor_2,implement_nonproductive,,allocated,,0.1873,1.4539,2.935,55.75,13
tractor_2,implement_nonproductive,,allocated,field_022,0.0302,0.2047,0.549,49.06,3
tractor_2,implement_nonproductive,disc_harrowing,allocated,,1.5899,10.2564,14.828,41.8,2
tractor_2,implement_nonproductive,disc_harrowing,allocated,field_022,0.3623,3.8805,2.431,49.71,1
tractor_2,implement_nonproductive,disc_harrowing,allocated,field_033,0.2606,1.8813,0.75,42.39,1
tractor_2,implement_nonproductive,disc_harrowing,allocated,field_035,0.6988,7.0052,2.473,50.04,1
tractor_2,implement_nonproductive,fertilizing,allocated,,10.4587,58.5994,118.744,37.44,25
tractor_2,implement_nonproductive,fertilizing,allocated,field_013,0.0098,0.0551,0.073,42.57,1
tractor_2,implement_nonproductive,fertilizing,allocated,field_014,0.3631,1.2173,0.545,26.27,1
tractor_2,implement_nonproductive,fertilizing,allocated,field_015,0.0767,0.2456,0.05,33.43,1
tractor_2,implement_nonproductive,fertilizing,allocated,field_016,0.2813,1.0306,0.272,25.55,1
tractor_2,implement_nonproductive,fertilizing,allocated,field_018,0.1198,0.9155,0.912,48.49,1
tractor_2,implement_nonproductive,fertilizing,allocated,field_019,0.2384,0.5837,0.173,24.13,1
tractor_2,implement_nonproductive,fertilizing,allocated,field_022,0.8664,6.3624,12.654,41.22,9
tractor_2,implement_nonproductive,fertilizing,allocated,field_023,0.0853,0.5151,0.367,40.3,2
tractor_2,implement_nonproductive,fertilizing,allocated,field_030,0.0321,0.1876,0.072,36.68,1
tractor_2,implement_nonproductive,fertilizing,allocated,field_038,0.1021,0.4571,0.224,31.92,1
tractor_2,implement_nonproductive,fertilizing,allocated,field_041,0.1767,1.3889,1.184,48.13,1
tractor_2,implement_nonproductive,fertilizing,allocated,field_044,0.4435,3.0204,2.799,48.09,1
tractor_2,implement_nonproductive,fertilizing,allocated,field_045,0.0766,0.3097,0.222,30.33,1
tractor_2,implement_nonproductive,fertilizing,allocated,field_046,0.1575,0.8603,0.563,37.49,1
tractor_2,implement_nonproductive,mowing,allocated,,2.2906,14.8115,29.965,39.89,10
tractor_2,implement_nonproductive,mowing,allocated,field_022,0.5579,2.3909,2.799,32.13,5
tractor_2,implement_nonproductive,mowing,allocated,field_044,0.5601,9.5621,3.184,69.59,1
tractor_2,implement_nonproductive,mowing,allocated,field_045,0.3104,2.8823,0.617,51.15,1
tractor_2,implement_nonproductive,seed_drill_combination,allocated,,22.614,167.6997,304.283,44.63,116
tractor_2,implement_nonproductive,seed_drill_combination,allocated,field_017,0.2655,1.187,0.476,34.34,1
tractor_2,implement_nonproductive,seed_drill_combination,allocated,field_020,1.081,9.6987,3.31,52.6,4
tractor_2,implement_nonproductive,seed_drill_combination,allocated,field_022,6.6976,46.2505,41.271,38.46,45
tractor_2,implement_nonproductive,seed_drill_combination,allocated,field_025,4.6275,57.1598,17.887,54.77,3
tractor_2,implement_nonproductive,seed_drill_combination,allocated,field_026,2.3332,30.382,10.839,58.09,2
tractor_2,implement_nonproductive,seed_drill_combination,allocated,field_027,1.0794,5.7716,1.828,32.24,3
tractor_2,implement_nonproductive,seed_drill_combination,allocated,field_029,11.5539,58.2839,17.505,31.71,11
tractor_2,implement_nonproductive,seed_drill_combination,allocated,field_031,3.8299,29.0104,6.456,39.27,2
tractor_2,implement_nonproductive,seed_drill_combination,allocated,field_036,0.5349,3.826,1.487,40.81,1
tractor_2,implement_nonproductive,seed_drill_combination,allocated,field_037,0.5362,6.4051,1.57,57.42,1
tractor_2,implement_nonproductive,seed_drill_combination,allocated,field_040,2.2391,12.1379,3.168,33.82,1
tractor_2,implement_nonproductive,seed_drill_combination,allocated,field_043,0.355,2.4207,0.772,38.62,1
tractor_2,implement_nonproductive,seed_drill_combination,allocated,field_045,0.4474,2.7031,1.108,37.39,1
tractor_2,implement_nonproductive,seed_drill_combination,allocated,field_047,2.2983,10.7348,2.121,32.21,4
tractor_2,implement_nonproductive,spraying,allocated,,14.6224,77.1464,146.42,37.96,31
tractor_2,implement_nonproductive,spraying,allocated,field_019,0.0398,0.1309,0.096,27.6,1
tractor_2,implement_nonproductive,spraying,allocated,field_021,0.2083,0.6642,0.195,25.15,2
tractor_2,implement_nonproductive,spraying,allocated,field_022,0.5308,5.311,14.345,50.27,12
tractor_2,implement_nonproductive,spraying,allocated,field_024,0.3407,1.3151,0.544,30.76,3
tractor_2,implement_nonproductive,spraying,allocated,field_025,2.3645,11.7388,8.449,35.96,2
tractor_2,implement_nonproductive,spraying,allocated,field_026,0.8296,5.2548,4.253,44.56,1
tractor_2,implement_nonproductive,spraying,allocated,field_027,0.2671,1.2747,0.769,35.6,1
tractor_2,implement_nonproductive,spraying,allocated,field_028,0.154,0.5715,0.196,32.11,2
tractor_2,implement_nonproductive,spraying,allocated,field_029,1.7491,9.4671,7.252,37.05,3
tractor_2,implement_nonproductive,spraying,allocated,field_034,0.1818,0.9235,0.897,39.29,2
tractor_2,implement_nonproductive,spraying,allocated,field_036,0.2687,1.4828,1.212,39.57,1
tractor_2,implement_nonproductive,spraying,allocated,field_042,0.1824,0.7895,0.609,27.68,1
tractor_2,implement_nonproductive,spraying,allocated,field_043,0.1447,0.6618,0.292,34.98,1
tractor_2,implement_nonproductive,spraying,allocated,field_045,0.4586,2.3471,2.184,40.75,2
tractor_2,implement_nonproductive,swathing,allocated,,2.4449,15.9641,34.201,42.58,3
tractor_2,implement_nonproductive,swathing,allocated,field_014,0.1233,0.699,0.644,49.43,1
tractor_2,implement_nonproductive,swathing,allocated,field_022,0.0357,0.4182,1.049,57.72,2
tractor_2,offroad_unassigned,,allocated,,4.5427,34.1787,59.765,50.94,108
tractor_2,offroad_unassigned,,allocated,field_019,0.2285,1.3043,1.301,48.97,2
tractor_2,offroad_unassigned,,allocated,field_022,0.1293,0.64,0.723,48.84,35
tractor_2,offroad_unassigned,,allocated,field_029,0.0491,0.4493,0.388,59.03,2
tractor_2,offroad_unassigned,,allocated,field_031,0.0753,0.3471,0.484,42.63,2
tractor_2,road_transport,transport,allocated,,18.7504,173.6348,413.782,52.4,161
tractor_2,road_transport,transport,allocated,field_022,0.8605,8.1006,15.998,52.3,49
tractor_3,data_gap,,excluded,field_006,3.316,0.0,1.367,23.17,8
tractor_3,data_gap,,excluded,field_009,0.0999,0.0,0.02,24.0,1
tractor_3,engine_off,,measured,field_003,0.0024,0.0,0.0,0.0,1
tractor_3,engine_off,,measured,field_006,0.0042,0.0,0.0,0.0,1
tractor_3,engine_off,,measured,field_009,0.0011,0.0,0.0,0.0,1
tractor_3,field_work,cultivating_deep,measured,,0.2599,3.923,2.189,47.26,44
tractor_3,field_work,cultivating_deep,measured,field_001,3.3416,95.507,29.15,80.03,2
tractor_3,field_work,cultivating_deep,measured,field_002,8.4412,184.4599,67.225,51.88,16
tractor_3,field_work,cultivating_deep,measured,field_003,1.6063,48.9998,14.537,82.68,2
tractor_3,field_work,cultivating_deep,measured,field_004,2.9962,63.8756,23.739,67.67,10
tractor_3,field_work,cultivating_deep,measured,field_006,2.4076,47.0781,18.047,63.14,28
tractor_3,field_work,cultivating_deep,measured,field_009,7.8571,180.4711,66.281,55.93,17
tractor_3,field_work,cultivating_deep,measured,field_012,0.0564,1.4057,0.426,68.96,1
tractor_3,field_work,mulching,measured,,0.1033,0.3996,0.475,14.18,12
tractor_3,field_work,mulching,measured,field_001,0.2117,2.5161,1.483,53.1,1
tractor_3,field_work,mulching,measured,field_003,0.421,6.0146,2.965,35.75,1
tractor_3,field_work,mulching,measured,field_006,0.5539,4.4601,4.15,42.69,14
tractor_3,field_work,mulching,measured,field_009,1.9114,25.1649,13.014,31.61,8
tractor_3,field_work,ploughing,measured,,0.0107,0.0556,0.025,32.98,5
tractor_3,field_work,ploughing,measured,field_008,2.8754,88.6732,22.025,83.82,4
tractor_3,field_work,ploughing,measured,field_009,1.7941,27.9618,10.801,57.48,8
tractor_3,field_work,rotary_tilling,measured,field_009,0.8646,10.2469,2.774,40.1,6
tractor_3,field_work,seed_drill_combination,measured,,0.0033,0.0692,0.024,66.44,3
tractor_3,field_work,seed_drill_combination,measured,field_003,0.8921,21.4043,6.296,71.03,3
tractor_3,field_work,seedbed_combination,measured,,0.0045,0.0411,0.044,51.95,4
tractor_3,field_work,seedbed_combination,measured,field_011,2.331,38.8212,18.373,58.45,4
tractor_3,idle,idle,allocated,,0.528,1.5126,0.072,26.98,42
tractor_3,idle,idle,allocated,field_006,1.155,3.4204,0.09,29.29,53
tractor_3,idle,idle,allocated,field_009,0.0185,0.064,0.002,34.12,1
tractor_3,implement_nonproductive,cultivating_deep,allocated,,5.4317,51.0742,82.324,38.7,67
tractor_3,implement_nonproductive,cultivating_deep,allocated,field_001,3.6859,99.519,30.279,76.5,3
tractor_3,implement_nonproductive,cultivating_deep,allocated,field_002,10.2289,194.1929,70.366,47.2,17
tractor_3,implement_nonproductive,cultivating_deep,allocated,field_003,1.742,50.0856,14.914,79.14,2
tractor_3,implement_nonproductive,cultivating_deep,allocated,field_004,3.7039,66.7796,24.441,60.62,10
tractor_3,implement_nonproductive,cultivating_deep,allocated,field_006,4.4613,55.8563,24.712,48.48,76
tractor_3,implement_nonproductive,cultivating_deep,allocated,field_008,0.0168,0.1458,0.365,41.93,2
tractor_3,implement_nonproductive,cultivating_deep,allocated,field_009,9.2976,193.8585,72.863,52.19,17
tractor_3,implement_nonproductive,cultivating_deep,allocated,field_011,0.0052,0.0249,0.014,39.49,1
tractor_3,implement_nonproductive,cultivating_deep,allocated,field_012,0.0743,1.6119,0.512,66.41,1
tractor_3,implement_nonproductive,mulching,allocated,,2.1057,21.4275,45.452,39.65,16
tractor_3,implement_nonproductive,mulching,allocated,field_001,0.2678,2.7796,1.813,49.74,1
tractor_3,implement_nonproductive,mulching,allocated,field_002,7.0E-4,0.0221,0.023,79.5,1
tractor_3,implement_nonproductive,mulching,allocated,field_003,0.44,6.21,2.993,35.67,1
tractor_3,implement_nonproductive,mulching,allocated,field_006,1.1408,7.0745,7.237,37.13,18
tractor_3,implement_nonproductive,mulching,allocated,field_008,0.0193,0.1674,0.514,27.49,2
tractor_3,implement_nonproductive,mulching,allocated,field_009,2.6746,32.4125,17.371,28.33,8
tractor_3,implement_nonproductive,mulching,allocated,field_011,0.0532,0.51,0.696,51.82,1
tractor_3,implement_nonproductive,ploughing,allocated,,0.8015,4.8834,8.921,38.13,19
tractor_3,implement_nonproductive,ploughing,allocated,field_004,1.0E-4,3.0E-4,0.0,29.56,2
tractor_3,implement_nonproductive,ploughing,allocated,field_006,0.5921,2.4506,2.429,36.57,24
tractor_3,implement_nonproductive,ploughing,allocated,field_008,3.0377,89.9469,22.425,81.42,4
tractor_3,implement_nonproductive,ploughing,allocated,field_009,2.7023,33.1396,16.452,50.02,11
tractor_3,implement_nonproductive,rotary_tilling,allocated,,0.4402,2.5507,4.719,38.45,8
tractor_3,implement_nonproductive,rotary_tilling,allocated,field_006,0.1865,0.7703,0.92,34.29,6
tractor_3,implement_nonproductive,rotary_tilling,allocated,field_008,0.0113,0.0823,0.224,48.42,1
tractor_3,implement_nonproductive,rotary_tilling,allocated,field_009,1.3578,13.8794,4.959,38.6,6
tractor_3,implement_nonproductive,seed_drill_combination,allocated,,0.6746,8.513,5.691,47.57,7
tractor_3,implement_nonproductive,seed_drill_combination,allocated,field_003,1.1845,26.1943,7.393,66.88,3
tractor_3,implement_nonproductive,seed_drill_combination,allocated,field_006,0.1358,0.4358,0.562,30.63,5
tractor_3,implement_nonproductive,seed_drill_combination,allocated,field_008,0.0091,0.0408,0.208,31.51,1
tractor_3,implement_nonproductive,seed_drill_combination,allocated,field_009,1.3896,22.8435,11.427,41.74,1
tractor_3,implement_nonproductive,seedbed_combination,allocated,,0.7443,4.8671,9.038,41.35,6
tractor_3,implement_nonproductive,seedbed_combination,allocated,field_006,0.0561,0.2508,0.433,37.31,7
tractor_3,implement_nonproductive,seedbed_combination,allocated,field_009,0.0135,0.1111,0.185,52.21,1
tractor_3,implement_nonproductive,seedbed_combination,allocated,field_011,3.5519,50.7567,24.163,53.32,4
tractor_3,offroad_unassigned,,allocated,,0.8539,8.0085,17.114,36.24,41
tractor_3,offroad_unassigned,,allocated,field_006,0.7125,4.0398,4.628,37.8,49
tractor_3,offroad_unassigned,,allocated,field_009,0.1385,1.3832,0.809,51.22,1
tractor_3,road_transport,transport,allocated,,1.7567,21.3701,50.813,44.61,7
tractor_3,road_transport,transport,allocated,field_009,0.1053,0.651,1.333,23.19,3
tractor_3,road_transport,transport,allocated,field_011,0.002,0.0098,0.028,36.51,1
tractor_4,data_gap,,excluded,,2.5346,0.0,0.0,0.0,3
tractor_4,data_gap,,excluded,field_006,15.6144,0.0,0.0,5.42,14
tractor_4,data_gap,,excluded,field_009,0.3329,0.0,0.0,28.0,1
tractor_4,data_gap,,excluded,field_011,73.761,0.0,892.478,0.16,1
tractor_4,engine_off,,measured,,0.3609,0.0,0.0,0.0,9
tractor_4,engine_off,,measured,field_006,0.0907,0.0,0.0,0.0,3
tractor_4,engine_off,,measured,field_007,0.003,0.0,0.0,0.0,1
tractor_4,engine_off,,measured,field_008,0.001,0.0,0.0,0.0,1
tractor_4,engine_off,,measured,field_010,0.0068,0.0,0.0,,1
tractor_4,engine_off,,measured,field_011,2.0E-4,0.0,0.002,0.0,1
tractor_4,field_work,cultivating_deep,measured,,0.2155,1.6672,1.445,46.31,25
tractor_4,field_work,cultivating_deep,measured,field_001,5.6394,184.8027,48.621,82.53,4
tractor_4,field_work,cultivating_deep,measured,field_005,3.4845,106.5969,29.825,81.24,5
tractor_4,field_work,cultivating_deep,measured,field_006,0.3388,2.3213,2.32,46.78,22
tractor_4,field_work,cultivating_deep,measured,field_009,8.4617,169.042,62.279,68.18,8
tractor_4,field_work,cultivating_deep,measured,field_012,0.7216,27.786,6.399,92.33,1
tractor_4,field_work,cultivating_shallow,measured,,0.0607,0.4111,0.322,43.01,6
tractor_4,field_work,cultivating_shallow,measured,field_002,2.6163,47.7832,21.878,67.09,3
tractor_4,field_work,cultivating_shallow,measured,field_003,5.6355,104.67,43.667,66.25,5
tractor_4,field_work,cultivating_shallow,measured,field_006,0.048,0.2388,0.238,37.26,3
tractor_4,field_work,cultivating_shallow,measured,field_009,7.0308,131.3024,53.651,65.94,8
tractor_4,field_work,disc_harrowing,measured,,0.0431,0.3682,0.228,,5
tractor_4,field_work,disc_harrowing,measured,field_003,2.6901,54.9257,27.153,,2
tractor_4,field_work,disc_harrowing,measured,field_006,0.0461,0.3306,0.314,,4
tractor_4,field_work,disc_harrowing,measured,field_007,0.9341,22.6005,9.997,,1
tractor_4,field_work,disc_harrowing,measured,field_010,2.9717,83.1198,34.288,,1
tractor_4,field_work,fertilizing,measured,,0.0545,0.3148,0.477,,15
tractor_4,field_work,fertilizing,measured,field_003,0.4255,4.7909,4.463,,2
tractor_4,field_work,fertilizing,measured,field_006,0.2805,2.4509,2.528,,14
tractor_4,field_work,fertilizing,measured,field_007,0.2199,2.5286,1.942,,2
tractor_4,field_work,fertilizing,measured,field_009,0.8463,10.3445,8.318,,3
tractor_4,field_work,fertilizing,measured,field_010,0.5298,7.0324,5.522,,5
tractor_4,field_work,fertilizing,measured,field_011,2.5679,69.0272,35.42,,5
tractor_4,field_work,mulching,measured,,0.2775,3.8575,1.544,48.77,20
tractor_4,field_work,mulching,measured,field_001,1.2405,24.7291,8.863,50.91,1
tractor_4,field_work,mulching,measured,field_002,0.7383,8.3609,4.883,56.62,2
tractor_4,field_work,mulching,measured,field_003,4.3335,95.6934,39.378,69.31,5
tractor_4,field_work,mulching,measured,field_006,0.1108,0.727,1.019,45.61,10
tractor_4,field_work,mulching,measured,field_007,0.0904,1.1895,0.767,62.69,2
tractor_4,field_work,mulching,measured,field_009,10.3204,148.175,83.965,61.77,10
tractor_4,field_work,mulching,measured,field_010,1.3395,14.2224,11.182,60.32,1
tractor_4,field_work,mulching,measured,field_011,6.0054,76.4563,56.059,61.06,10
tractor_4,field_work,ploughing,measured,,0.1797,1.6144,1.758,49.1,17
tractor_4,field_work,ploughing,measured,field_006,0.2606,2.1281,2.536,50.29,14
tractor_4,field_work,ploughing,measured,field_007,1.1476,12.1868,11.868,58.79,1
tractor_4,field_work,ploughing,measured,field_008,3.0316,113.3137,24.916,90.16,3
tractor_4,field_work,ploughing,measured,field_009,26.5918,717.021,191.029,75.64,10
tractor_4,field_work,ploughing,measured,field_010,9.7481,231.223,85.168,73.51,8
tractor_4,field_work,power_harrowing,measured,,0.1028,0.8698,1.065,,10
tractor_4,field_work,power_harrowing,measured,field_003,1.6931,52.1454,12.949,,1
tractor_4,field_work,power_harrowing,measured,field_006,0.5775,12.3672,5.656,,10
tractor_4,field_work,power_harrowing,measured,field_009,0.0901,0.7207,1.144,,3
tractor_4,field_work,power_harrowing,measured,field_010,2.2324,66.762,24.599,,3
tractor_4,field_work,seed_drill_combination,measured,,0.8593,7.404,8.38,39.94,87
tractor_4,field_work,seed_drill_combination,measured,field_001,0.4701,12.9906,3.616,75.89,1
tractor_4,field_work,seed_drill_combination,measured,field_002,8.8669,163.3481,65.45,30.55,13
tractor_4,field_work,seed_drill_combination,measured,field_003,9.2362,200.7496,63.678,61.62,16
tractor_4,field_work,seed_drill_combination,measured,field_004,2.5639,73.229,21.899,75.72,1
tractor_4,field_work,seed_drill_combination,measured,field_006,1.4815,10.0163,11.987,38.64,80
tractor_4,field_work,seed_drill_combination,measured,field_007,1.443,40.1693,10.541,78.42,3
tractor_4,field_work,seed_drill_combination,measured,field_008,6.0373,149.3844,42.418,72.56,17
tractor_4,field_work,seed_drill_combination,measured,field_009,18.4207,333.2637,126.666,42.98,31
tractor_4,field_work,seed_drill_combination,measured,field_010,6.3977,179.2488,43.374,75.48,8
tractor_4,field_work,seed_drill_combination,measured,field_011,4.9099,165.6389,40.112,86.58,7
tractor_4,field_work,seedbed_combination,measured,,0.4968,2.9535,2.381,23.41,41
tractor_4,field_work,seedbed_combination,measured,field_006,0.7777,5.4843,5.761,25.37,53
tractor_4,field_work,seedbed_combination,measured,field_007,0.5342,12.1773,6.787,,1
tractor_4,field_work,seedbed_combination,measured,field_008,3.6281,81.2979,32.187,71.93,2
tractor_4,field_work,seedbed_combination,measured,field_009,12.6494,248.995,105.04,21.02,12
tractor_4,field_work,seedbed_combination,measured,field_010,0.2013,5.0119,2.709,,1
tractor_4,field_work,seedbed_combination,measured,field_011,3.1328,69.0998,27.019,1.0,2
tractor_4,idle,idle,allocated,,2.4391,8.8467,0.348,26.67,153
tractor_4,idle,idle,allocated,field_001,0.6586,1.9832,0.043,27.08,16
tractor_4,idle,idle,allocated,field_002,0.1661,0.5317,0.017,28.78,8
tractor_4,idle,idle,allocated,field_003,0.3917,1.3791,0.052,29.74,5
tractor_4,idle,idle,allocated,field_004,0.2039,0.6797,0.03,29.07,11
tractor_4,idle,idle,allocated,field_006,4.0089,14.0407,0.276,27.0,247
tractor_4,idle,idle,allocated,field_007,0.0018,0.0093,0.001,,1
tractor_4,idle,idle,allocated,field_008,0.0593,0.2054,0.008,29.07,4
tractor_4,idle,idle,allocated,field_009,1.4909,4.9359,0.11,19.19,29
tractor_4,idle,idle,allocated,field_010,0.0171,0.0572,0.001,,1
tractor_4,idle,idle,allocated,field_011,0.2961,0.8154,0.013,1.27,3
tractor_4,idle,idle,allocated,field_012,3.0E-4,0.001,0.0,30.11,1
tractor_4,implement_nonproductive,cultivating_deep,allocated,,2.0687,22.3194,26.992,52.6,32
tractor_4,implement_nonproductive,cultivating_deep,allocated,field_001,0.8779,15.5798,4.342,57.48,4
tractor_4,implement_nonproductive,cultivating_deep,allocated,field_003,0.0,0.0,0.0,,1
tractor_4,implement_nonproductive,cultivating_deep,allocated,field_005,0.3239,2.8492,0.618,37.16,5
tractor_4,implement_nonproductive,cultivating_deep,allocated,field_006,0.4786,2.3805,1.32,38.54,35
tractor_4,implement_nonproductive,cultivating_deep,allocated,field_009,0.9204,6.0263,3.867,40.13,9
tractor_4,implement_nonproductive,cultivating_deep,allocated,field_012,0.0549,0.5235,0.53,46.64,2
tractor_4,implement_nonproductive,cultivating_shallow,allocated,,1.5203,18.0569,28.232,50.9,8
tractor_4,implement_nonproductive,cultivating_shallow,allocated,field_001,0.0298,0.3723,0.561,60.49,1
tractor_4,implement_nonproductive,cultivating_shallow,allocated,field_002,0.6893,9.1584,4.053,54.49,5
tractor_4,implement_nonproductive,cultivating_shallow,allocated,field_003,0.5757,7.1671,2.757,50.62,5
tractor_4,implement_nonproductive,cultivating_shallow,allocated,field_006,0.0966,0.4128,0.311,33.74,7
tractor_4,implement_nonproductive,cultivating_shallow,allocated,field_009,0.9795,5.9285,3.698,34.41,8
tractor_4,implement_nonproductive,disc_harrowing,allocated,,1.1748,16.1454,26.09,,10
tractor_4,implement_nonproductive,disc_harrowing,allocated,field_003,0.0705,1.0251,0.503,,2
tractor_4,implement_nonproductive,disc_harrowing,allocated,field_006,0.0688,0.4231,0.327,,7
tractor_4,implement_nonproductive,disc_harrowing,allocated,field_007,0.0185,0.0802,0.002,,1
tractor_4,implement_nonproductive,disc_harrowing,allocated,field_008,0.0,1.0E-4,0.001,,1
tractor_4,implement_nonproductive,disc_harrowing,allocated,field_009,0.0698,0.5447,0.925,,1
tractor_4,implement_nonproductive,disc_harrowing,allocated,field_010,0.0908,0.3781,0.032,,1
tractor_4,implement_nonproductive,disc_harrowing,allocated,field_011,0.0851,0.3823,1.029,46.15,1
tractor_4,implement_nonproductive,fertilizing,allocated,,1.3956,16.8345,32.816,,15
tractor_4,implement_nonproductive,fertilizing,allocated,field_003,0.0229,0.0958,0.051,,2
tractor_4,implement_nonproductive,fertilizing,allocated,field_006,0.108,0.331,0.082,,14
tractor_4,implement_nonproductive,fertilizing,allocated,field_007,0.0399,0.132,0.004,,2
tractor_4,implement_nonproductive,fertilizing,allocated,field_008,0.0026,0.0338,0.092,,2
tractor_4,implement_nonproductive,fertilizing,allocated,field_009,0.2146,1.4415,2.432,,4
tractor_4,implement_nonproductive,fertilizing,allocated,field_010,0.0064,0.0233,0.003,,4
tractor_4,implement_nonproductive,fertilizing,allocated,field_011,0.5169,9.8902,5.651,,5
tractor_4,implement_nonproductive,fertilizing,allocated,field_012,0.0013,0.0053,0.002,,1
tractor_4,implement_nonproductive,mulching,allocated,,2.9264,27.9644,44.444,49.72,28
tractor_4,implement_nonproductive,mulching,allocated,field_001,0.1871,2.3754,1.285,43.76,2
tractor_4,implement_nonproductive,mulching,allocated,field_002,0.0906,0.5225,0.391,38.91,4
tractor_4,implement_nonproductive,mulching,allocated,field_003,0.3514,3.0913,0.732,39.59,4
tractor_4,implement_nonproductive,mulching,allocated,field_006,0.2597,1.5726,1.463,40.88,22
tractor_4,implement_nonproductive,mulching,allocated,field_007,0.0042,0.0411,0.024,50.79,2
tractor_4,implement_nonproductive,mulching,allocated,field_008,0.0069,0.0709,0.159,57.73,3
tractor_4,implement_nonproductive,mulching,allocated,field_009,1.4416,13.8217,8.386,46.68,11
tractor_4,implement_nonproductive,mulching,allocated,field_010,0.0935,0.3033,0.039,26.45,1
tractor_4,implement_nonproductive,mulching,allocated,field_011,1.2528,13.0112,8.292,50.72,10
tractor_4,implement_nonproductive,ploughing,allocated,,3.8965,53.8219,39.625,56.65,28
tractor_4,implement_nonproductive,ploughing,allocated,field_006,0.964,4.2603,2.661,34.49,36
tractor_4,implement_nonproductive,ploughing,allocated,field_007,0.0523,0.5213,0.479,55.07,1
tractor_4,implement_nonproductive,ploughing,allocated,field_008,0.7289,16.3318,5.821,71.96,7
tractor_4,implement_nonproductive,ploughing,allocated,field_009,3.0637,42.7527,17.057,53.35,12
tractor_4,implement_nonproductive,ploughing,allocated,field_010,0.3258,5.4444,1.789,57.55,8
tractor_4,implement_nonproductive,power_harrowing,allocated,,0.7381,9.2072,9.825,,10
tractor_4,implement_nonproductive,power_harrowing,allocated,field_003,0.0383,0.6308,0.17,,1
tractor_4,implement_nonproductive,power_harrowing,allocated,field_006,0.274,0.985,0.053,,10
tractor_4,implement_nonproductive,power_harrowing,allocated,field_008,1.0E-4,0.0023,0.004,,1
tractor_4,implement_nonproductive,power_harrowing,allocated,field_009,0.1453,0.7924,0.964,,2
tractor_4,implement_nonproductive,power_harrowing,allocated,field_010,0.1506,1.8657,0.733,,3
tractor_4,implement_nonproductive,seed_drill_combination,allocated,,6.2406,80.956,85.97,46.68,96
tractor_4,implement_nonproductive,seed_drill_combination,allocated,field_001,0.2254,4.9298,1.406,67.36,1
tractor_4,implement_nonproductive,seed_drill_combination,allocated,field_002,1.1259,8.9951,2.286,22.16,15
tractor_4,implement_nonproductive,seed_drill_combination,allocated,field_003,0.8322,9.6716,3.73,11.35,8
tractor_4,implement_nonproductive,seed_drill_combination,allocated,field_004,0.0903,0.9557,0.219,43.5,1
tractor_4,implement_nonproductive,seed_drill_combination,allocated,field_006,1.282,6.4345,4.37,35.94,105
tractor_4,implement_nonproductive,seed_drill_combination,allocated,field_007,0.0722,0.5148,0.085,36.31,3
tractor_4,implement_nonproductive,seed_drill_combination,allocated,field_008,1.353,16.6358,3.494,43.19,17
tractor_4,implement_nonproductive,seed_drill_combination,allocated,field_009,2.8341,20.5528,8.821,24.49,33
tractor_4,implement_nonproductive,seed_drill_combination,allocated,field_010,0.2716,3.8477,0.81,48.78,8
tractor_4,implement_nonproductive,seed_drill_combination,allocated,field_011,1.1656,21.5912,5.819,59.14,7
tractor_4,implement_nonproductive,seed_drill_combination,allocated,field_012,0.0028,0.0429,0.018,65.01,2
tractor_4,offroad_unassigned,,allocated,,3.3813,32.4048,52.575,47.18,218
tractor_4,offroad_unassigned,,allocated,field_001,2.5982,28.7838,30.513,58.24,25
tractor_4,offroad_unassigned,,allocated,field_002,0.9566,11.2346,10.995,54.01,18
tractor_4,offroad_unassigned,,allocated,field_003,0.9946,18.0668,5.997,68.98,5
tractor_4,offroad_unassigned,,allocated,field_004,0.77,7.8775,5.6,56.82,11
tractor_4,offroad_unassigned,,allocated,field_006,4.059,31.1305,37.984,46.84,244
tractor_4,offroad_unassigned,,allocated,field_007,0.0064,0.1299,0.074,,1
tractor_4,offroad_unassigned,,allocated,field_008,0.084,0.7196,0.694,48.6,4
tractor_4,offroad_unassigned,,allocated,field_009,1.8002,18.1282,14.601,46.97,37
tractor_4,offroad_unassigned,,allocated,field_010,0.0156,0.363,0.187,,1
tractor_4,offroad_unassigned,,allocated,field_011,5.9512,27.3929,71.838,45.05,5
tractor_4,offroad_unassigned,,allocated,field_012,0.0481,0.5216,0.669,59.94,1
tractor_4,road_transport,transport,allocated,,15.7312,190.022,324.071,43.89,140
tractor_4,road_transport,transport,allocated,field_001,0.1656,1.1566,1.056,45.48,18
tractor_4,road_transport,transport,allocated,field_002,0.0081,0.0802,0.14,40.78,18
tractor_4,road_transport,transport,allocated,field_003,0.0011,0.011,0.016,61.18,1
tractor_4,road_transport,transport,allocated,field_006,0.017,0.1237,0.157,43.4,14
tractor_4,road_transport,transport,allocated,field_007,7.0E-4,0.0027,0.002,,1
tractor_4,road_transport,transport,allocated,field_008,0.0198,0.1737,0.359,46.14,7
tractor_4,road_transport,transport,allocated,field_009,1.2191,12.1428,12.295,26.08,35
tractor_4,road_transport,transport,allocated,field_011,0.478,8.5429,3.527,4.66,4
tractor_4,road_transport,transport,allocated,field_012,1.0E-4,8.0E-4,0.001,68.0,1
tractor_5,field_work,cultivating_deep,measured,,0.0432,0.5428,0.557,50.38,1
tractor_5,field_work,cultivating_deep,measured,field_046,3.8978,156.1859,28.137,90.37,1
tractor_5,field_work,ploughing,measured,,0.1958,1.8119,1.601,45.64,3
tractor_5,field_work,ploughing,measured,field_032,2.3999,63.1639,14.96,71.31,2
tractor_5,field_work,ploughing,measured,field_036,1.4555,35.7698,8.569,67.98,2
tractor_5,field_work,ploughing,measured,field_039,2.5354,67.3764,15.234,71.57,2
tractor_5,field_work,ploughing,measured,field_045,1.5982,41.4105,10.587,70.94,1
tractor_5,field_work,ploughing,measured,field_047,1.8601,47.1322,12.252,69.12,1
tractor_5,field_work,transport,measured,,10.9291,109.0429,142.211,39.61,12
tractor_5,field_work,transport,measured,field_013,0.186,1.269,0.683,41.41,1
tractor_5,field_work,transport,measured,field_014,0.4654,4.0395,3.425,46.55,1
tractor_5,field_work,transport,measured,field_022,0.3293,7.1488,8.623,56.15,5
tractor_5,field_work,transport,measured,field_044,0.6454,4.9641,3.017,45.79,1
tractor_5,idle,idle,allocated,,13.5545,36.2724,0.191,23.34,46
tractor_5,idle,idle,allocated,field_016,0.9039,2.3843,0.161,21.42,3
tractor_5,idle,idle,allocated,field_022,0.2239,0.7098,0.002,28.22,7
tractor_5,idle,idle,allocated,field_026,0.0165,0.0508,0.0,30.95,3
tractor_5,idle,idle,allocated,field_029,0.2427,0.5629,0.001,21.21,3
tractor_5,idle,idle,allocated,field_032,9.0E-4,0.0034,0.0,31.0,1
tractor_5,idle,idle,allocated,field_045,0.3013,0.7377,0.002,22.32,2
tractor_5,idle,idle,allocated,field_046,1.0E-4,3.0E-4,0.0,33.5,1
tractor_5,idle,idle,allocated,field_047,7.0E-4,0.0035,0.0,36.33,1
tractor_5,implement_nonproductive,cultivating_deep,allocated,,2.1171,18.8655,29.611,35.75,2
tractor_5,implement_nonproductive,cultivating_deep,allocated,field_022,0.0354,0.578,1.055,52.84,1
tractor_5,implement_nonproductive,cultivating_deep,allocated,field_046,1.1204,40.1615,5.959,85.08,1
tractor_5,implement_nonproductive,ploughing,allocated,,8.4057,71.5783,114.653,36.6,10
tractor_5,implement_nonproductive,ploughing,allocated,field_022,1.0194,4.7725,4.264,30.7,5
tractor_5,implement_nonproductive,ploughing,allocated,field_032,1.6824,20.6962,4.73,47.04,2
tractor_5,implement_nonproductive,ploughing,allocated,field_036,1.4357,9.9594,2.012,33.45,2
tractor_5,implement_nonproductive,ploughing,allocated,field_039,1.9011,28.8559,6.819,51.63,2
tractor_5,implement_nonproductive,ploughing,allocated,field_041,0.0012,0.026,0.047,66.79,2
tractor_5,implement_nonproductive,ploughing,allocated,field_045,1.0487,6.7147,1.627,32.75,1
tractor_5,implement_nonproductive,ploughing,allocated,field_047,1.8496,11.5537,2.367,32.13,1
tractor_5,offroad_unassigned,,allocated,,4.8043,75.5397,111.799,51.69,32
tractor_5,offroad_unassigned,,allocated,field_016,0.2,1.5932,1.168,36.94,2
tractor_5,offroad_unassigned,,allocated,field_022,0.0536,0.4349,0.437,46.38,11
tractor_5,offroad_unassigned,,allocated,field_026,0.0113,0.1455,0.104,56.02,2
tractor_5,offroad_unassigned,,allocated,field_029,0.0335,0.3595,0.302,58.49,2
tractor_5,offroad_unassigned,,allocated,field_032,0.0118,0.1078,0.061,54.73,1
tractor_5,offroad_unassigned,,allocated,field_039,0.0027,0.0342,0.021,77.53,1
tractor_5,offroad_unassigned,,allocated,field_041,4.0E-4,0.0139,0.019,82.25,1
tractor_5,offroad_unassigned,,allocated,field_045,0.0801,0.8646,0.769,55.19,2
tractor_5,offroad_unassigned,,allocated,field_046,0.0166,0.2202,0.145,57.59,2
tractor_5,offroad_unassigned,,allocated,field_047,0.0062,0.0397,0.026,43.59,1
tractor_5,road_transport,transport,allocated,,27.9133,403.5778,666.828,44.43,44
tractor_5,road_transport,transport,allocated,field_022,0.3208,5.8143,8.33,55.64,17
tractor_5,road_transport,transport,allocated,field_039,2.1888,5.905,0.605,22.5,1
tractor_5,road_transport,transport,allocated,field_045,0.0048,0.0316,0.055,43.6,2
