source_id,title,publisher_or_authors,year,url,licence,evidence_type,region,is_manufacturer,used_for,link_status,accessed_at
uk_ghg_2025,Greenhouse gas reporting: conversion factors 2025 (flat file),DESNZ / Defra,2025,https://assets.publishing.service.gov.uk/media/6846b6ea57f3515d9611f0dd/ghg-conversion-factors-2025-flat-format.xlsx,OGL-3.0,government,UK,false,emission_factors,verified,2026-10-08
uk_ghg_2026,Greenhouse gas reporting: conversion factors 2026 (flat file revised 2026-07-31),DESNZ / Defra,2026,https://assets.publishing.service.gov.uk/media/6a6c9748862aaf18d9c62ac9/ghg-conversion-factors-2026-flat-format-revised.xlsx,OGL-3.0,government,UK,false,emission_factors,verified,2026-10-08
isu_a3_27,Fuel Required for Field Operations (Ag Decision Maker A3-27 / PM 709; revised Feb 2026),Iowa State University Extension (Rosentrater; Hanna),2026,https://www.extension.iastate.edu/agdm/crops/pdf/a3-27.pdf,unknown-check,extension,US (Iowa),false,fuel_use_rates,verified,2026-10-08
purdue_ae110,Estimating Fuel Requirements for Field Operations (AE-110),Purdue Extension (Parsons),1980,https://www.extension.purdue.edu/extmedia/AE/AE-110.html,unknown-check,extension,US (Indiana),false,fuel_use_rates,verified,2026-10-08
tum_alc_data,Agricultural Load Cycles: Tractor Mission Profiles From Recorded GNSS and CAN Bus Data (Zenodo rev. 8),Götz K. (TUM),2025,https://doi.org/10.5281/zenodo.14619787,CC-BY-4.0,dataset,DE (Bavaria),false,farm_a_telemetry,verified,2026-10-08
tum_alc_article,Agricultural load cycles: Tractor mission profiles from recorded GNSS and CAN bus data. Data in Brief 60 (2025) 111494,Götz K.; Kusuma A.; Dörfler A.; Lienkamp M.,2025,https://doi.org/10.1016/j.dib.2025.111494,CC-BY-4.0,academic,DE (Bavaria),false,farm_a_metadata,verified,2026-10-08
soilgrids,SoilGrids 2.0,ISRIC,2021,https://soilgrids.org,CC-BY-4.0,dataset,global,false,soil_texture,unverified,
defra_ukammg,UK Agricultural Market Monitoring Group monthly data reports (red diesel p/litre; per-month report URL in ref_fuel_prices.csv),Defra,2026,https://www.gov.uk/government/groups/uk-agriculture-market-monitoring-group-ukammg,OGL-3.0,government,UK,false,fuel_prices,verified-source-and-vat-basis-not-stated,2026-10-08
farmdoc_mce,Machinery Cost Estimates (summary),University of Illinois farmdoc,2019,https://farmdoc.illinois.edu/wp-content/uploads/2019/08/machinery-cost-estimates_summary.pdf,unknown-check,extension,US (Illinois),false,cost_structure,unverified,
unl_nttl,Nebraska Tractor Test Laboratory reports,University of Nebraska-Lincoln,,https://tractortestlab.unl.edu,unknown-check,test_lab,US,false,sanity_checks,unverified,
kosutic2007_ct,Košutić et al. 2007 — conservation tillage (type II) winter wheat,Košutić S. et al.,2007,https://www.bib.irb.hr/336422,unknown-check,academic,HR,false,intervention,unverified-duplicate-study,
kosutic2007_nt,Košutić et al. 2007 — no-till winter wheat,Košutić S. et al.,2007,https://www.bib.irb.hr/336450,unknown-check,academic,HR,false,intervention,unverified-duplicate-study,
boku_ct,Conservation tillage vs plough (flow-meter measurement),BOKU Vienna,,https://agris.fao.org/search/en/records/6473aa6613d110e4e7a7c38a,unknown-check,academic,AT,false,intervention,unverified,
sdsu_notill,The Economic Advantages of No-Till: Diesel Fuel (citing Hanna et al. 2001),SDSU Extension,,,unknown-check,extension,US,false,intervention,missing-link,
serrano_peca,Tyre pressure and ballast effects on tractor fuel use,Serrano J.M.; Peça J.O. (Univ. of Évora),,http://hdl.handle.net/10174/5435,unknown-check,academic,PT,false,intervention,unverified,
damanauskas_tyre,Tuned front/rear tyre pressure,Damanauskas V. et al.,,https://vdu.lt/cris/handle/20.500.12259/99572,unknown-check,academic,LT,false,intervention,unverified,
lt_tyre_weight,Tyre pressure and extra weight in ploughing (stubble loam),Lithuanian study,,https://hdl.handle.net/20.500.12259/88065,unknown-check,academic,LT,false,context_only,unverified,
isu_pm2089,Shift Up and Throttle Back to Save Tractor Fuel (PM 2089),Iowa State University Extension,,,unknown-check,extension,US,false,intervention,missing-link,
kpi_microcad2025,Analysis of Nebraska tractor test data (MicroCAD 2025),KPI Kharkiv,2025,https://www.kpi.kharkov.ua/archive/MicroCAD/2025/,unknown-check,conference,UA,false,intervention,archive-not-paper,
jarq_gutd,Reduction Rates of Fuel Consumption by Gear Up and Throttle Down on an Agricultural Tractor,JARQ (Japan),,,unknown-check,academic,JP,false,intervention,missing-link,
sondors2014,Sondors et al. 2014 — HVO in tractor engine,Sondors K. et al.,2014,https://agris.fao.org/search/ru/records/64738d2a68b4c299a3f87555,unknown-check,academic,LV,false,intervention,unverified,
cummins_hvo,Cummins Euro 6 Engine Compatible with HVO Renewable Diesel,Cummins,,,unknown-check,manufacturer,global,true,context_only,missing-link,
osu_etractor_news,Farmers groups experiment with e-tractors (summarising an Oregon State Univ. study),The Astorian,,,unknown-check,news,US (Oregon),false,intervention,missing-link-primary-study-needed,
juselius_ctis,Central tyre inflation for tractors (master's thesis literature review),Juselius (Aalto University),,https://aaltodoc.aalto.fi/items/4d998748-dd9c-4e68-b219-815aae226826,unknown-check,thesis,FI,false,intervention,unverified,
energy2014_lt,Reduced tillage vs deep ploughing maize. Energy 69 (2014) 227-235,Energy (Elsevier),2014,https://ideas.repec.org/a/eee/energy/v69y2014icp227-235.html,unknown-check,academic,LT,false,intervention,unverified,
valtra2023,Correct tyre pressures save fuel and time (field test 2023),Valtra,2023,https://www.valtra.co.uk/blog/technology/correct-tyre-pressures-save-fuel-and-time.html,unknown-check,manufacturer,DK,true,intervention,unverified,
usda_ci2022,Conservation Insight: fuel savings from tillage (2022),USDA,2022,https://ageconsearch.umn.edu/record/343274/files/FuelSavingsTillage2022.pdf,unknown-check,government,US,false,context_only,unverified,
