coef_id,intervention_id,intervention_name,effect_type,value,low,high,unit,baseline,yield_pct_low,yield_pct_high,applicability,region,soil_context,source_id,value_status,derivation
red_till_kosutic,reduced_tillage,Reduced / conservation tillage,fuel_reduction_pct,59.4,59.4,59.4,pct_of_tillage_fuel,mouldboard plough system,,,"{""operation_category"": [""primary_tillage"", ""secondary_tillage""], ""requires_operation"": ""ploughing""}",HR,Gleyic Podzoluvisol,kosutic2007_ct,from_problem_statement,1 - 18.9/46.6 L/ha
red_till_boku,reduced_tillage,Reduced / conservation tillage,fuel_reduction_pct,41.5,33,50,pct_of_tillage_fuel,plough system,,,"{""operation_category"": [""primary_tillage"", ""secondary_tillage""], ""requires_operation"": ""ploughing""}",AT,not stated (semi-arid),boku_ct,from_problem_statement,stated range 33-50%; value = midpoint
red_till_energy2014,reduced_tillage,Reduced / conservation tillage,fuel_reduction_pct,35,12,58,pct_of_tillage_fuel,deep ploughing (67.2 L/ha),,,"{""operation_category"": [""primary_tillage"", ""secondary_tillage""], ""requires_operation"": ""ploughing""}",LT,not stated,energy2014_lt,from_problem_statement,stated range 12-58%; value = midpoint
no_till_kosutic,no_till,No-till,fuel_reduction_pct,86.7,86.7,86.7,pct_of_tillage_and_seeding_fuel,mouldboard plough system,,,"{""operation_category"": [""primary_tillage"", ""secondary_tillage"", ""seeding""], ""requires_operation"": ""ploughing""}",HR,Gleyic Podzoluvisol,kosutic2007_nt,from_problem_statement,1 - 6.2/46.6 L/ha
no_till_sdsu,no_till,No-till,fuel_reduction_pct,66.7,66.7,66.7,pct_of_tillage_and_seeding_fuel,conventional tillage (~6 gal/ac = 56.1 L/ha),,,"{""operation_category"": [""primary_tillage"", ""secondary_tillage"", ""seeding""], ""requires_operation"": ""ploughing""}",US,not stated,sdsu_notill,from_problem_statement,1 - 2/6 gal/ac; 6 and 2 gal/ac = 56.1 and 18.7 L/ha
tyre_pressure_serrano,correct_tyre_pressure,Correct tyre pressure,fuel_reduction_pct,14.6,9.1,20.0,pct_of_field_fuel,pressure above manufacturer spec,,,"{""operation_category"": [""primary_tillage"", ""secondary_tillage"", ""seeding""], ""unknown_input"": ""tyre_pressure_checked""}",PT,not stated,serrano_peca,from_problem_statement,high pressure used 10-25% more fuel: saving = 1-1/1.10 to 1-1/1.25
tyre_pressure_damanauskas,correct_tyre_pressure,Correct tyre pressure,fuel_reduction_pct,3.75,3.5,4.0,pct_of_field_fuel,untuned front/rear pressure,,,"{""operation_category"": [""primary_tillage"", ""secondary_tillage"", ""seeding""], ""unknown_input"": ""tyre_pressure_checked""}",LT,not stated,damanauskas_tyre,from_problem_statement,stated 3.5-4.0%
tyre_pressure_valtra,correct_tyre_pressure,Correct tyre pressure,fuel_reduction_l_per_ha,1.0,1.0,1.0,l_per_ha,1.6 bar vs 0.6 bar in cultivation,,,"{""operation_category"": [""secondary_tillage""], ""unknown_input"": ""tyre_pressure_checked""}",DK,not stated,valtra2023,from_problem_statement,about 1 L/ha (manufacturer claim)
ctis_juselius,central_tyre_inflation,Central tyre inflation system,fuel_reduction_pct,8.9,8.9,8.9,pct_of_field_fuel,fixed road-suitable pressure,,,"{""operation_category"": [""primary_tillage"", ""secondary_tillage"", ""seeding"", ""transport""], ""machine"": {""has_ctis"": false}}",literature review,not stated,juselius_ctis,from_problem_statement,average from literature review (point estimate)
ballast_serrano,avoid_liquid_ballast,Avoid liquid tyre ballast,fuel_reduction_pct,7.0,4.8,9.1,pct_of_field_fuel,liquid ballast in tyres,,,"{""operation_category"": [""primary_tillage"", ""secondary_tillage"", ""seeding""], ""machine"": {""ballast_type"": ""liquid""}}",PT,not stated,serrano_peca,from_problem_statement,ballast raised fuel 5-10%: saving = 1-1/1.05 to 1-1/1.10
gutd_isu_75,shift_up_throttle_down,Shift up / throttle down,fuel_reduction_pct,13,13,13,pct_of_operation_fuel,full throttle at 75% load,,,"{""load_pct_max"": 75, ""drawbar_only"": true}",US,not soil-dependent,isu_pm2089,from_problem_statement,13% at 75% load
gutd_isu_50,shift_up_throttle_down,Shift up / throttle down,fuel_reduction_pct,21,21,21,pct_of_operation_fuel,full throttle at 50% load,,,"{""load_pct_max"": 50, ""drawbar_only"": true}",US,not soil-dependent,isu_pm2089,from_problem_statement,21% at 50% load
gutd_kpi_75,shift_up_throttle_down,Shift up / throttle down,fuel_reduction_pct,10.7,10.7,10.7,pct_of_operation_fuel,full throttle at 75% load,,,"{""load_pct_max"": 75, ""drawbar_only"": true}",Nebraska test data,not soil-dependent,kpi_microcad2025,from_problem_statement,average 10.7% at 75% load
gutd_kpi_50,shift_up_throttle_down,Shift up / throttle down,fuel_reduction_pct,14.9,14.9,14.9,pct_of_operation_fuel,full throttle at 50% load,,,"{""load_pct_max"": 50, ""drawbar_only"": true}",Nebraska test data,not soil-dependent,kpi_microcad2025,from_problem_statement,average 14.9% at 50% load
gutd_jarq,shift_up_throttle_down,Shift up / throttle down,fuel_reduction_pct,32.5,15,50,pct_of_operation_fuel,full throttle (24 kW tractor),,,"{""load_pct_max"": 75, ""drawbar_only"": true}",JP,not stated,jarq_gutd,from_problem_statement,stated 15-50% depending on load; value = midpoint
hvo_sondors,hvo_switch,Switch to HVO renewable diesel,litres_change_pct,4.1,4.1,4.1,pct_more_litres,fossil diesel,,,"{""fuel_type"": [""gas_oil"", ""diesel_blend""]}",LV,not applicable,sondors2014,from_problem_statement,specific fuel use +4.1% (hourly ~1% lower); CO2e change via emission factor switch
etractor_osu,electric_tractor,Electric tractor (small),ghg_reduction_pct,67.8,67.8,67.8,pct_of_machine_ghg,30 hp diesel tractor,,,"{""machine"": {""rated_kw_max"": 22.4}}",US,not applicable,osu_etractor_news,from_problem_statement,1 - 1.56/4.84 t GHG; evidence covers a 30 hp (22 kW) tractor only
